{
	"skin-name": "impresspages",
	"preview-bg": "#ffffff",
	"text": "#e2e2e2",
	"text-inverse": "#ffffff",
	"text-disabled": "#aaaaaa",
	"has-gradients": false,
	"has-radius": false,
	"has-boxshadow": false,
	"btn-text": "#e2e2e2",
	"btn-text-shadow": "#46495e",
	"btn-bg": "#46495e",
	"btn-bg-hlight": "#46495e",
	"btn-border-top": "rgba(134,134,134,0)",
	"btn-border-right": "rgba(134,134,134,0)",
	"btn-border-bottom": "rgba(134,134,134,0)",
	"btn-border-left": "rgba(134,134,134,0)",
	"btn-split-border": "#3a3d4e",
	"btn-primary-text": "#ffffff",
	"btn-primary-text-shadow": "#019bd4",
	"btn-primary-bg": "#019bd4",
	"btn-primary-bg-hlight": "#019bd4",
	"menu-bg": "#ffffff",
	"menu-border": "#a3a4af",
	"menuitem-text": "#000000",
	"menuitem-bg-selected": "#3a3d4e",
	"menuitem-bg-selected-hlight": "#3a3d4e",
	"menuitem-separator-top": "#ffffff",
	"menuitem-separator-bottom": "#dadbe4",
	"menuitem-text-inverse": "#ffffff",
	"menuitem-bg-active": "#019bd4",
	"menuitem-text-active": "#ffffff",
	"menuitem-preview-border-active": "#019bd4",
	"checkbox-border": "#8f8f8f",
	"checkbox-border-focus": "#019bd4",
	"panel-border": "#050505",
	"panel-bg": "#2f313f",
	"panel-bg-hlight": "#2f313f",
	"textbox-bg": "#f9f9f9",
	"textbox-border": "#a3a4af",
	"textbox-border-focus": "#019bd4",
	"window-bg": "#ffffff",
	"window-border": "#dadbe4",
	"tab-bg": "#ffffff",
	"tab-bg-hover": "#cccfe3",
	"tab-bg-active": "#019bd4",
	"tab-border": "#dadbe4",
	"colorbtn-backcolor-bg": "#586570",
	"grid-border": "#d6d6d6",
	"grid-border-active": "#d6d6d6"
}