{"settings":{"alias":null,"createdAt":"2014-10-15 22:28:03","description":null,"id":"17","isBlank":"0","isDisabled":"0","isSecured":"0","isVisible":"1","keywords":null,"languageCode":"vi","layout":"main.php","metaTitle":null,"parentId":"15","redirectUrl":null,"title":"Morbi id fermentum augue.","updatedAt":"2014-10-15 00:00:00","urlPath":"morbi-id-fermentum-augue-","position":3},"widgets":[{"type":"Heading","layout":"default","blockName":"main","data":{"title":"Morbi id fermentum augue.","level":"3"}},{"type":"Text","layout":"default","blockName":"main","data":{"text":"<p>\u00a0Morbi id fermentum augue. Cum sociis natoque penatibus et magnis dis parturient montes, nascetur ridiculus mus. Maecenas nec quam et elit posuere rhoncus quis mattis nibh. Aliquam sodales ante in dolor porta, nec tincidunt urna laoreet. Maecenas porta finibus enim at feugiat. Donec posuere auctor suscipit. Fusce rhoncus at tellus non hendrerit. Nunc tincidunt at lacus ut ultrices. Curabitur eget nulla ac dui malesuada sollicitudin eu quis dui. Nulla eu diam lacinia, commodo ipsum non, iaculis neque. Integer commodo est vitae diam imperdiet, sed aliquet quam aliquet.<\/p>\n<p>Nam at erat dictum, elementum arcu id, volutpat nulla. Morbi aliquam, est vel volutpat eleifend, nibh purus molestie tellus, a imperdiet sapien arcu et quam. Quisque feugiat nulla ut risus sagittis condimentum eu eu turpis. Praesent porta, magna sit amet ultricies faucibus, libero nunc volutpat purus, non mattis nulla sem non massa. Proin tincidunt mollis mollis. Vestibulum ante ipsum primis in faucibus orci luctus et ultrices posuere cubilia Curae; Aenean lacinia eu elit et tristique. Sed nec sapien eu arcu iaculis imperdiet. Aliquam eros elit, scelerisque non leo non, malesuada aliquam arcu. Sed nisl libero, ultricies vel vulputate non, vestibulum nec lacus.<\/p>\n<p>Suspendisse molestie magna a quam lobortis, vitae vulputate lectus rutrum. Fusce eleifend sem quis enim mollis hendrerit. Nunc eros justo, dictum id interdum ut, tempus varius metus. Vivamus facilisis dolor id augue pretium ultricies. Aliquam rutrum dui ex, ac blandit mauris vulputate id. Mauris venenatis fermentum odio, eget pulvinar eros sagittis non. Vestibulum maximus sed sem ut dictum.<\/p>\n<p>Nulla rhoncus, libero at rutrum pharetra, nisi neque ullamcorper lorem, nec posuere libero ligula et velit. Vestibulum accumsan tincidunt nisi nec viverra. Donec molestie dui massa, eget consequat lectus efficitur eget. Pellentesque habitant morbi tristique senectus et netus et malesuada fames ac turpis egestas. Donec tempus bibendum felis, ut maximus risus varius sed. Maecenas lacinia vitae est a laoreet. In accumsan dolor vel felis tincidunt, ac vehicula risus porttitor. Pellentesque semper lacus eu tellus fermentum fringilla. Vivamus suscipit felis sit amet sem varius, sed laoreet enim interdum. Vivamus feugiat mauris magna. Sed at interdum turpis.<\/p>"}}]}