{"settings":{"alias":"","createdAt":"2014-10-21 22:25:53","description":"","id":"4","isBlank":"0","isDisabled":"0","isSecured":"0","isVisible":"1","keywords":"","languageCode":"vi","layout":"main.php","metaTitle":"","parentId":"1","redirectUrl":"","title":"Trang ch\u1ee7","updatedAt":"2014-10-29 00:00:00","urlPath":"","position":2},"widgets":[{"type":"AsdSlider","layout":"default","blockName":"banner","data":null},{"type":"Heading","layout":"default","blockName":"main","data":{"title":"C\u00e1c m\u00f3n m\u1edbi","level":"3"}},{"type":"ProductSlider","layout":"default","blockName":"main","data":{"html":"123457"}},{"type":"Heading","layout":"default","blockName":"main","data":{"title":"C\u00e1c m\u00f3n \u0111\u1eb7c s\u1ea3n","level":"3"}},{"type":"ProductSlider","layout":"feature","blockName":"main","data":[]}]}