{"settings":{"alias":"","createdAt":"2014-10-21 22:34:15","description":"","id":"5","isBlank":"0","isDisabled":"0","isSecured":"0","isVisible":"1","keywords":"","languageCode":"vi","layout":"main.php","metaTitle":"","parentId":"1","redirectUrl":"","title":"Gi\u1edbi thi\u1ec7u","updatedAt":"2014-10-29 00:00:00","urlPath":"gioi-thieu","position":3},"widgets":[{"type":"Heading","layout":"default","blockName":"main","data":{"title":"Gi\u1edbi thi\u1ec7u v\u1ec1 nh\u00e0 h\u00e0ng","level":"3"}},{"type":"Text","layout":"default","blockName":"main","data":{"text":"<p><span>Aliquam erat volutpat. Donec rutrum venenatis dignissim. Duis eu neque in neque venenatis tincidunt sit amet sed velit. Pellentesque quis luctus orci. Phasellus sed aliquam risus, eu varius sapien. Etiam ac adipiscing enim, eu molestie erat. Donec sodales pulvinar lorem, ut sagittis purus suscipit nec. In id velit nec nisi porta egestas. Maecenas rutrum felis vel nunc varius, vel ornare lectus dignissim. Maecenas vitae ante dui. Maecenas sollicitudin dolor at enim porttitor, eu placerat nulla adipiscing. Morbi sed varius nisi, sed posuere risus. Ut velit urna, dignissim ac lobortis id, sollicitudin non libero. Donec arcu massa, facilisis ut sapien et, aliquet porta dui.<\/span>&nbsp;<\/p><p><br><\/p>"}}]}