{"settings":{"alias":"","createdAt":"2014-10-15 22:24:24","description":"","id":"11","isBlank":"0","isDisabled":"0","isSecured":"0","isVisible":"1","keywords":"","languageCode":"vi","layout":"main.php","metaTitle":"","parentId":"1","redirectUrl":"","title":"Tin t\u1ee9c - S\u1ef1 Ki\u1ec7n","updatedAt":"2014-10-29 00:00:00","urlPath":"tin-tuc-su-kien","position":4},"widgets":[{"type":"Heading","layout":"default","blockName":"main","data":{"title":"Tin t\u1ee9c &amp; S\u1ef1 ki\u1ec7n","level":"3"}},{"type":"AsdBlogList","layout":"default","blockName":"main","data":{"serialized":"securityToken=1680fcf8d0d5878b1c11721e8a83810d&antispam%5B%5D=91aa45e0904539b3f515477626be0ad2&antispam%5B%5D=91aa45e0904539b3f515477626be0ad2&data%5Bblog%5D%5BpageId%5D=11&data%5Bblog%5D%5Bplace%5D=15&data%5Bblog%5D%5Bparent%5D=0&data%5Bblog%5D%5Bpagination%5D%5Btype%5D=3&data%5Bblog%5D%5Bpagination%5D%5Blimit%5D=10&data%5Bblog%5D%5Boptions%5D%5Border%5D=0&data%5Bblog%5D%5Boptions%5D%5Bintrolimit%5D=300&data%5Bblog%5D%5Boptions%5D%5Ballowedtags%5D=%3Cb%3E%3Cspan%3E%3Ci%3E%3Cstrong%3E%3Cem%3E%3Ca%3E%3Cimg%3E%3Cp%3E&data%5Bblog%5D%5Boptions%5D%5Breadmore%5D=1&data%5Bblog%5D%5Boptions%5D%5Btitlelink%5D=1&data%5Bblog%5D%5Boptions%5D%5Bblockname%5D=main&data%5Bblog%5D%5Binfo%5D%5Bdate%5D=0&data%5Bblog%5D%5Binfo%5D%5Bcategory%5D=0&data%5Bblog%5D%5Bimage%5D%5Benable%5D=0&data%5Bblog%5D%5Bimage%5D%5Bwidth%5D=&data%5Bblog%5D%5Bimage%5D%5Bheight%5D="}}]}