{"settings":{"alias":"","createdAt":"2014-10-15 00:00:00","description":"","id":"12","isBlank":"0","isDisabled":"0","isSecured":"0","isVisible":"1","keywords":"","languageCode":"vi","layout":"main.php","metaTitle":"","parentId":"1","redirectUrl":"","title":"Th\u01b0 vi\u1ec7n \u1ea3nh","updatedAt":"2014-10-15 00:00:00","urlPath":"thu-vien-anh","position":5},"widgets":[{"type":"Heading","layout":"default","blockName":"main","data":{"title":"Th\u01b0 vi\u1ec7n \u1ea3nh","level":"3"}},{"type":"Gallery","layout":"default","blockName":"main","data":{"images":[{"imageOriginal":"img7.jpg","title":"img7.jpg"},{"imageOriginal":"img8.jpg","title":"img8.jpg"},{"imageOriginal":"img9.jpg","title":"img9.jpg"},{"imageOriginal":"img10.jpg","title":"img10.jpg"},{"imageOriginal":"img11.jpg","title":"img11.jpg"},{"imageOriginal":"img12.jpg","title":"img12.jpg"}]}}]}