{"settings":{"alias":"","createdAt":"2014-10-15 00:00:00","description":"","id":"13","isBlank":"0","isDisabled":"0","isSecured":"0","isVisible":"1","keywords":"","languageCode":"vi","layout":"main.php","metaTitle":"","parentId":"1","redirectUrl":"","title":"Li\u00ean h\u1ec7","updatedAt":"2014-10-29 00:00:00","urlPath":"lien-he","position":6},"widgets":[{"type":"Heading","layout":"default","blockName":"main","data":{"title":"Li\u00ean h\u1ec7","level":"3"}},{"type":"Map","layout":"default","blockName":"column268_2","data":{"lat":"20.161515431091303","lng":"106.00535273551941","zoom":"17","mapTypeId":"roadmap","height":"312","markerlat":"20.16134959582721","markerlng":"106.00518107479729"}},{"type":"Form","layout":"default","blockName":"column268_1","data":{"fields":[{"label":"T\u00ean","type":"Text","options":"","required":"1"},{"label":"Email","type":"Email","options":"","required":"1"},{"label":"N\u1ed9i dung","type":"Textarea","options":"","required":"1"}],"success":"<p>C\u1ea3m \u01a1n qu\u00fd kh\u00e1ch \u0111\u00e3 gh\u00e9 th\u0103m nh\u00e0 h\u00e0ng Hoa S\u01a1n.<\/p>\n<p>Ch\u00fang t\u00f4i s\u1ebd tr\u1ea3 l\u1eddi qu\u00fd kh\u00e1ch trong th\u1eddi gian s\u1edbm nh\u1ea5t.<\/p>","sendTo":"default","emails":"","buttonText":"G\u1eedi"}},{"type":"Text","layout":"default","blockName":"main","data":{"text":"<p>\u00a0<strong style=\"font-size: 16px;\">NH\u00c0 H\u00c0NG HOA S\u01a0N<\/strong><\/p>\n<p><span style=\"font-size: 14px;\">\u0110\u1ecba ch\u1ec9 : \u0110\u01b0\u1eddng 12C, khu Qu\u00e8n \u1ed4i, x\u00e3 Ninh H\u00f2a, huy\u1ec7n Hoa L\u01b0, t\u1ec9nh Ninh B\u00ecnh.\u00a0<\/span><\/p>\n<p><span style=\"font-size: 14px;\">Website:\u00a0<a href=\"http:\/\/nhahanghoason.com\" target=\"_blank\">www.nhahanghoason.com<\/a><\/span><\/p>\n<p><span style=\"font-size: 14px;\">\u0110T : 030.3626727 \u2013 0986711048<\/span><\/p>\n<p><span style=\"font-size: 14px;\">Fax : 030.3626656<\/span><\/p>\n<p><span style=\"font-size: 14px;\">Email:\u00a0<a href=\"mailto:hoasonnhahang@gmail.com\">hoasonnhahang@gmail.com<\/a><\/span><\/p>\n<p>\u00a0<\/p>\n<p><span style=\"color: #ff6600;\"><strong><span style=\"font-size: 14px;\">B\u1ea1n vui l\u00f2ng \u0111i\u1ec1n th\u00f4ng tin li\u00ean h\u1ec7 ho\u1eb7c g\u00f3p \u00fd theo m\u1eabu d\u01b0\u1edbi \u0111\u00e2y:<\/span><\/strong><\/span><\/p>\n<p><span style=\"color: #ff6600;\"><strong><span style=\"font-size: 14px;\">\u00a0\u00a0<\/span><\/strong><\/span><\/p>"}},{"type":"NestedColumns","layout":"default","blockName":"main","data":{"cols":["column268_1","column268_2"],"widths":[50,50]}}]}